{"accuracy": [0.5318607687950134, 0.6435260772705078, 0.6961522698402405, 0.7246538996696472, 0.7436889410018921, 0.7686278223991394, 0.795399010181427, 0.8052728176116943, 0.8253257274627686, 0.8460912108421326, 0.8643118739128113, 0.8740838766098022, 0.8879275321960449, 0.8918973803520203, 0.9086930155754089, 0.9103216528892517, 0.9266083240509033, 0.9365838766098022, 0.9403501749038696, 0.9450325965881348, 0.9518526196479797, 0.9624389410018921, 0.964372992515564, 0.9673249125480652, 0.964372992515564, 0.9662052392959595, 0.9779112339019775, 0.9721091389656067, 0.9762825965881348, 0.986054539680481], "loss": [1.3645782470703125, 1.0378137826919556, 0.8972800970077515, 0.8231791853904724, 0.7577112317085266, 0.6898692846298218, 0.6241881251335144, 0.5821288228034973, 0.523777961730957, 0.4688885807991028, 0.4199516475200653, 0.3892632722854614, 0.3377695679664612, 0.33088549971580505, 0.2860313355922699, 0.27271518111228943, 0.21604588627815247, 0.1941622942686081, 0.1728854775428772, 0.1602918952703476, 0.14248600602149963, 0.11065837740898132, 0.1090858057141304, 0.10054729878902435, 0.10405150055885315, 0.10736139863729477, 0.0653672069311142, 0.09049756824970245, 0.06842964142560959, 0.044096242636442184], "val_accuracy": [0.6050488352775574, 0.6881107687950134, 0.7166123986244202, 0.7377850413322449, 0.7540716528892517, 0.7687296271324158, 0.7858306169509888, 0.8061889410018921, 0.8228827118873596, 0.8391693830490112, 0.8436481952667236, 0.846905529499054, 0.867671012878418, 0.8770358562469482, 0.8363192081451416, 0.8843648433685303, 0.8941367864608765, 0.8864006400108337, 0.8839576840400696, 0.9002442955970764, 0.8941367864608765, 0.8965798020362854, 0.9039087891578674, 0.9075732827186584, 0.8945439457893372, 0.8982084393501282, 0.9096091389656067, 0.9047231078147888, 0.909201979637146, 0.9079804420471191], "val_loss": [1.1572469472885132, 0.9268696308135986, 0.8634576201438904, 0.76364666223526, 0.7341887950897217, 0.6951531767845154, 0.6219935417175293, 0.6325952410697937, 0.5680140256881714, 0.5139024257659912, 0.5112873911857605, 0.48575931787490845, 0.4510364830493927, 0.40080851316452026, 0.5416115522384644, 0.43087613582611084, 0.3879106342792511, 0.41124269366264343, 0.41985368728637695, 0.43960073590278625, 0.37576285004615784, 0.49443507194519043, 0.4075535535812378, 0.4570311903953552, 0.49955570697784424, 0.4271724224090576, 0.42029353976249695, 0.4728606641292572, 0.4247722923755646, 0.535966157913208]}